post_id,platform,source_id,source_name,source_type,url,published_at,language,city_hint,text
gdelt_ba08c370365559ec,GDELT,gdelt_doc,ratopati.com,news_index,https://www.ratopati.com/story/504672/sugarcane-farmers-angry-over-suspension-of-rs-16-billion-subsidy-declare-protest,2025-08-03 16:15:00,Nepali,Nepal,"१ अर्ब ६० करोडको अनुदान रोकिँदा उखु किसान आक्रोशित , आन्दोलनको घोषणा | Nepal first 24 - hour updated news portal"
gdelt_547ac0df80cd8a6d,GDELT,gdelt_doc,ehimalayatimes.com,news_index,https://ehimalayatimes.com/2025/08/365114/,2025-08-05 04:00:00,Nepali,Nepal,अनुदान कटौतीविरुद्ध उखु किसान आन्दोलनमा
gdelt_521b9cb84780aa7a,GDELT,gdelt_doc,karobardaily.com,news_index,https://www.karobardaily.com/news/294649,2025-08-05 18:30:00,Nepali,Nepal,अनुदान कटौतीको विरोधमा उत्रिए उखु किसान
gdelt_c136fcfbdd0e76bf,GDELT,gdelt_doc,ratopati.com,news_index,https://www.ratopati.com/story/505169/sugarcane-farmers-protest-in-rautahat-against-government-policy,2025-08-06 08:00:00,Nepali,Nepal,सरकारको नीतिविरुद्ध उखु किसानद्वारा रौतहटमा प्रदर्शन | Nepal first 24 - hour updated news portal
gdelt_748c14725e586a90,GDELT,gdelt_doc,onlinekhabar.com,news_index,https://www.onlinekhabar.com/2025/08/1745853/socialist-student-union-protest-at-maitighar-against-supreme-court-order-photos,2025-08-19 13:30:00,Nepali,Nepal,सर्वोच्चको आदेशविरुद्ध माइतीघरमा समाजवादी विद्यार्थी युनियनको प्रदर्शन ( तस्वीरहरू )
gdelt_54fe3741842ff7b2,GDELT,gdelt_doc,ratopati.com,news_index,https://www.ratopati.com/story/508082/private-school-operators-announce-protest-with-5-point-demands-first-demand-is-to-remove-full-scholarship,2025-08-20 08:45:00,Nepali,Nepal,"५ बुँदे मागसहित निजी विद्यालय सञ्चालकद्वारा आन्दोलन घोषणा , पहिलो माग नै पूर्ण छात्रवृत्ति हटाइनुपर्ने | Nepal first 24 - hour updated news portal"
gdelt_b80933d54806c6ba,GDELT,gdelt_doc,ratopati.com,news_index,https://www.ratopati.com/story/508214/school-education-bill-parliamentary-committee-meeting-today-private-school-operators-in-protest,2025-08-21 01:45:00,Nepali,Nepal,"विद्यालय शिक्षा विधेयक : संसदीय समितिको बैठक आज , निजी विद्यालय सञ्चालक भने आन्दोलनमा | Nepal first 24 - hour updated news portal"
gdelt_0504a83bf5ac38ea,GDELT,gdelt_doc,annapurnapost.com,news_index,https://www.annapurnapost.com/story/484598/,2025-08-21 03:45:00,Nepali,Nepal,"गिजोलिँदै विद्यालय शिक्षा विधेयक , निजी विद्यालय सञ्चालक आन्दोलनमा"
gdelt_8ad928ea2d38eabd,GDELT,gdelt_doc,onlinekhabar.com,news_index,https://www.onlinekhabar.com/2025/08/1746877/efforts-to-reach-consensus-on-school-education-bill-continue-private-school-operators-in-protest,2025-08-21 06:30:00,Nepali,Nepal,"विद्यालय शिक्षा विधेयकमा सहमतिको प्रयास जारी , निजी विद्यालय सञ्चालक आन्दोलनमा"
gdelt_a30bafcb8bce089e,GDELT,gdelt_doc,annapurnapost.com,news_index,https://www.annapurnapost.com/story/484612/,2025-08-21 07:45:00,Nepali,Nepal,सरकारले आफ्ना मागलाई बेवास्ता गरेको भन्दै निजी विद्यालयका शिक्षक आन्दोलनमा ( तस्बिर )
gdelt_976a62bab1bb5330,GDELT,gdelt_doc,onlinekhabar.com,news_index,https://www.onlinekhabar.com/2025/08/1746970/private-school-administrators-protest-at-maitighar-photos,2025-08-21 09:00:00,Nepali,Nepal,माइतीघरमा निजी विद्यालय सञ्चालकहरूको प्रदर्शन ( तस्वीरहरू )
gdelt_5e456969bcc4ebc6,GDELT,gdelt_doc,thehimalayantimes.com,news_index,https://thehimalayantimes.com/nepal/teachers-gear-up-for-fresh-wave-of-protests,2025-08-21 09:15:00,English,Nepal,Teachers gear up for fresh wave of protests
gdelt_2cb2019d292102a5,GDELT,gdelt_doc,ratopati.com,news_index,https://www.ratopati.com/story/508575/education-bill-in-parliament-teachers-and-administrators-on-strike,2025-08-22 12:15:00,Nepali,Nepal,"शिक्षा विधेयक संसद्‍मा , शिक्षक र सञ्चालक आन्दोलनमा | Nepal first 24 - hour updated news portal"
gdelt_1fa12bd286ebe008,GDELT,gdelt_doc,onlinekhabar.com,news_index,https://www.onlinekhabar.com/2025/08/1748958/sugarcane-farmers-gather-in-kathmandu-demanding-subsidy-say-they-will-not-stop-protesting-until-their-demands-are-met,2025-08-24 09:30:00,Nepali,Nepal,"अनुदान रकम माग्दै काठमाडौंमा उखु किसान , भन्छन् – माग पूरा नभएसम्म आन्दोलन छाड्दैनौं"
gdelt_99c4e50860c96252,GDELT,gdelt_doc,ratopati.com,news_index,https://www.ratopati.com/story/508931/naked-demonstration-for-the-implementation-of-womens-rights-photos,2025-08-24 11:00:00,Nepali,Nepal,"महिला अधिकार कार्यान्वयनका लागि नाङ्लोसहित प्रदर्शन , तस्बिरहरू | Nepal first 24 - hour updated news portal"
gdelt_1978658ac8febd2a,GDELT,gdelt_doc,onlinekhabar.com,news_index,https://www.onlinekhabar.com/2025/08/1749799/farmers-carrying-sugarcane-continue-to-protest-today-photos,2025-08-25 09:30:00,Nepali,Nepal,उखु बोकेर किसानहरू आज पनि प्रदर्शनमा ( तस्वीरहरू )
gdelt_acf945458b346ca1,GDELT,gdelt_doc,ehimalayatimes.com,news_index,https://ehimalayatimes.com/2025/08/371443/,2025-08-25 10:45:00,Nepali,Nepal,विद्यालय शिक्षा विधेयकको विरोध
gdelt_efa92ac5a2fae9db,GDELT,gdelt_doc,ratopati.com,news_index,https://www.ratopati.com/story/509116/the-situation-where-sugarcane-farmers-have-to-protest-every-year-should-end,2025-08-25 10:45:00,Nepali,Nepal,उखु किसानले वर्षेनी आन्दोलन गर्नुपर्ने अवस्था अन्त्य गरियोस् | Nepal first 24 - hour updated news portal
gdelt_b2841a26fb787ebd,GDELT,gdelt_doc,onlinekhabar.com,news_index,https://www.onlinekhabar.com/2025/08/1750994/the-movement-of-the-victims-reaches-the-family-home-the-leaders-reach-there-to-take-them,2025-08-26 15:30:00,Nepali,Nepal,"माइतीघर पुग्छ पीडितको आन्दोलन , जस लिन आउँछन् नेता"
web_32ea3482e5f4f803,Web,ap_social_media_ban_20250904,Associated Press,news_article,https://apnews.com/article/3b42bbbd07bc9b97acb4df09d42029d5,2025-09-04 11:18:18,English,Nepal,"Nepal blocks Facebook, X, YouTube and others for failing to register with the government"
gdelt_fd5ccec3eef2963d,GDELT,gdelt_doc,thedailystar.net,news_index,https://www.thedailystar.net/news/world/news/nepal-block-some-social-media-including-facebook-3978556,2025-09-04 14:00:00,English,Nepal,Nepal to block some social media including Facebook
gdelt_904639f736fb365b,GDELT,gdelt_doc,aol.com,news_index,https://www.aol.com/news/nepal-block-social-media-including-124621176.html,2025-09-04 15:00:00,English,Nepal,Nepal to block some social media including Facebook
gdelt_f1ecba2d62eaa57f,GDELT,gdelt_doc,thesun.my,news_index,https://thesun.my/world-news/nepal-to-block-some-social-media-including-facebook-HO14831341,2025-09-04 15:45:00,English,Nepal,Nepal to block some social media including Facebook
gdelt_7b8173cb64acea36,GDELT,gdelt_doc,indiatimes.com,news_index,https://www.indiatimes.com/trending/nepal-bans-facebook-instagram-youtube-and-x-citing-non-compliance-spares-tiktok-social-media-fumes-669046.html,2025-09-04 19:00:00,English,Nepal,"Nepal bans Facebook , Instagram , YouTube , and X , citing non - compliance , spares TikTok ; social media fumes"
gdelt_bfbae2c85f534155,GDELT,gdelt_doc,techcrunch.com,news_index,https://techcrunch.com/2025/09/04/nepal-blocks-facebook-instagram-youtube-x-over-rule-breach-amid-censorship-concerns/,2025-09-04 20:00:00,English,Nepal,"Nepal blocks Facebook , Instagram , YouTube , X over rule breach , amid censorship concerns"
gdelt_1b665a793f0be82b,GDELT,gdelt_doc,finance.yahoo.com,news_index,https://finance.yahoo.com/news/nepal-blocks-facebook-instagram-youtube-190654729.html,2025-09-04 21:00:00,English,Nepal,"Nepal blocks Facebook , Instagram , YouTube , X over rule breach , amid censorship concerns"
gdelt_2c86b69cefcf0be7,GDELT,gdelt_doc,cryptopolitan.com,news_index,https://www.cryptopolitan.com/meta-gets-eviction-notice-from-nepal/,2025-09-04 23:00:00,English,Nepal,"Meta gets eviction notice from Nepal , TikTok spared from social media crackdown"
gdelt_a1b151de7df11b9f,GDELT,gdelt_doc,hindustantimes.com,news_index,https://www.hindustantimes.com/technology/why-is-nepal-angry-and-suddenly-banned-youtube-instagram-reddit-and-23-other-major-platforms-101757039673282.html,2025-09-05 03:30:00,English,Nepal,"Why is Nepal angry and suddenly banned YouTube , Instagram , Reddit and 23 other major platforms"
gdelt_72e2d0b2c757aa7f,GDELT,gdelt_doc,timesofindia.indiatimes.com,news_index,https://timesofindia.indiatimes.com/technology/tech-news/nepal-bans-facebook-twitter-whatsapp-and-23-other-social-media-platforms-heres-why/articleshow/123711022.cms,2025-09-05 04:30:00,English,Nepal,"Nepal bans Facebook , Twitter , WhatsApp and 23 other social media platforms , here why"
gdelt_9a4b5197a9623a14,GDELT,gdelt_doc,bestmediainfo.com,news_index,https://bestmediainfo.com/mediainfo/mediainfo-digital/nepal-bans-fb-whatsapp-instagram-youtube-22-other-platforms-tiktok-remains-accessible-9985986,2025-09-05 04:30:00,English,Nepal,"Nepal bans FB , WhatsApp , Instagram , YouTube , 22 other platforms ; TikTok remains accessible"
gdelt_76ded6eda1ad17e3,GDELT,gdelt_doc,newsbytesapp.com,news_index,https://www.newsbytesapp.com/news/science/nepal-blocks-facebook-instagram-youtube-x-over-registration-rules/story,2025-09-05 05:30:00,English,Nepal,"Why Nepal just blocked Facebook , Instagram , YouTube , other social platforms"
gdelt_b112237379d5cbb6,GDELT,gdelt_doc,karobardaily.com,news_index,https://www.karobardaily.com/news/299946,2025-09-05 06:45:00,Nepali,Nepal,"सामाजिक सञ्जाल बन्द गर्ने सरकारको निर्णयले सर्वत्र चासो , चिन्ता र विरोध «"
gdelt_09495e8eb4b51264,GDELT,gdelt_doc,ekantipur.com,news_index,https://ekantipur.com/news/2025/09/05/what-did-the-international-media-write-after-the-decision-to-ban-social-media-in-nepal-21-26.html,2025-09-05 07:00:00,Nepali,Nepal,नेपालमा सामाजिक सञ्जाल प्रतिबन्धको निर्णयपछि अन्तर्राष्ट्रिय मिडियाले के लेखे ?
gdelt_2884e1fd52b40778,GDELT,gdelt_doc,nepalitimes.com,news_index,https://nepalitimes.com/news/protest-grows-against-nepal-s-social-media-ban,2025-09-05 07:00:00,English,Nepal,Protest grows against Nepal social media ban
gdelt_db40804495802abc,GDELT,gdelt_doc,agenzianova.com,news_index,https://www.agenzianova.com/news/mancata-registrazione-nel-paese-il-nepal-blocca-facebook-x-e-youtube/,2025-09-05 10:30:00,Italian,Nepal,"Mancata registrazione nel Paese : il Nepal blocca Facebook , X e YouTube"
gdelt_61cb3bbd8174f43e,GDELT,gdelt_doc,socialsamosa.com,news_index,https://www.socialsamosa.com/news-2/nepal-ban-social-media-platforms-10006640,2025-09-05 14:00:00,English,Nepal,"Nepal bans Instagram , Facebook , X and 23 other social media platforms"
gdelt_db16f73989390b53,GDELT,gdelt_doc,engadget.com,news_index,https://www.engadget.com/social-media/nepal-blocks-most-social-media-sites-for-failing-to-register-with-the-government-131512017.html,2025-09-05 14:00:00,English,Nepal,Nepal blocks most social media sites for failing to register with the government
gdelt_72826a95b8fb6a87,GDELT,gdelt_doc,chiangraitimes.com,news_index,https://www.chiangraitimes.com/tech/nepal-ban-social-media/,2025-09-06 04:30:00,English,Nepal,"Nepal Bans 26 Social Media Platforms , Including X , Facebook And YouTube"
gdelt_36bfb47c0f857fe2,GDELT,gdelt_doc,ratopati.com,news_index,https://www.ratopati.com/story/511709/durga-prasai-will-also-participate-in-the-jng-generations-movement,2025-09-07 09:15:00,Nepali,Nepal,जेनजी पुस्ताको आन्दोलनमा दुर्गा प्रसाईं पनि सहभागी हुने | Nepal first 24 - hour updated news portal
gdelt_33b9713a5bddc1ac,GDELT,gdelt_doc,ratopati.com,news_index,https://www.ratopati.com/story/511756/local-administration-allows-jenji-to-perform-at-maitighar,2025-09-07 12:30:00,Nepali,Nepal,जेनजीलाई माइतीघरमा प्रदर्शन गर्न प्रशासनको अनुमति | Nepal first 24 - hour updated news portal
gdelt_b29817c087f034eb,GDELT,gdelt_doc,calcuttanews.net,news_index,http://www.calcuttanews.net/news/278558657/journalists-in-nepal-take-to-streets-against-social-media-ban-call-for-nationwide-protest,2025-09-07 13:45:00,English,Nepal,"Journalists in Nepal take to streets against social media ban , call for nationwide protest"
gdelt_5352b47658be1ab5,GDELT,gdelt_doc,newkerala.com,news_index,https://www.newkerala.com/news/o/journalists-nepal-take-streets-against-social-media-ban-call-836,2025-09-07 14:00:00,English,Nepal,Nepal Journalists Protest Social Media Ban Call Nationwide Strike
gdelt_484f8791facc4e6a,GDELT,gdelt_doc,aninews.in,news_index,https://aninews.in/news/world/asia/journalists-in-nepal-take-to-streets-against-social-media-ban-call-for-nationwide-protest20250907174606/,2025-09-07 14:15:00,English,Nepal,"Journalists in Nepal take to streets against social media ban , call for nationwide protest"
gdelt_52d5a4a3e7c3c067,GDELT,gdelt_doc,newsx.com,news_index,https://www.newsx.com/world/journalists-in-nepal-take-to-streets-against-social-media-ban-call-for-nationwide-protest20250907174606-60816/,2025-09-07 14:30:00,English,Nepal,"Journalists in Nepal take to streets against social media ban , call for nationwide protest"
gdelt_86d7f2d8a6859634,GDELT,gdelt_doc,timesofoman.com,news_index,https://timesofoman.com/article/162459-journalists-in-nepal-take-to-streets-against-social-media-ban-call-for-nationwide-protest,2025-09-07 14:30:00,English,Nepal,"Journalists in Nepal take to streets against social media ban , call for nationwide protest"
gdelt_e194bd3e0badbc5a,GDELT,gdelt_doc,onlinekhabar.com,news_index,https://www.onlinekhabar.com/2025/09/1758496/genjis-performance-could-be-a-challenge-administration-is-formulating-a-security-strategy,2025-09-07 15:00:00,Nepali,Nepal,"चुनौती बन्नसक्छ जेनजीको प्रदर्शन , सुरक्षा रणनीति बनाउँदै प्रशासन"
gdelt_e1acfa91dcf9b6c3,GDELT,gdelt_doc,onlinekhabar.com,news_index,https://www.onlinekhabar.com/2025/09/1758420/administration-allows-zen-g-to-perform-at-maitighar,2025-09-07 15:00:00,Nepali,Nepal,जेन - जीलाई माइतीघरमा प्रदर्शन गर्न प्रशासनको अनुमति
gdelt_f24df44a54ef6020,GDELT,gdelt_doc,freepressjournal.in,news_index,https://www.freepressjournal.in/world/nation-being-undermined-cannot-be-tolerated-says-nepal-pm-kp-sharma-oli-on-social-media-ban,2025-09-07 15:45:00,English,Nepal,"Nation Being Undermined Cannot Be Tolerated , Says Nepal PM KP Sharma Oli On Social Media Ban"
gdelt_31a590421b9e1744,GDELT,gdelt_doc,ratopati.com,news_index,https://www.ratopati.com/story/511808/10-news-at-10,2025-09-07 17:00:00,Nepali,Nepal,"१० बजे १० समाचार : जेनजीको आन्दोलनमा चौतर्फी समर्थन , घुसपैठ हुनसक्ने प्रशासनको चिन्ता | Nepal first 24 - hour updated news portal"
gdelt_9573354efecae059,GDELT,gdelt_doc,ekantipur.com,news_index,https://ekantipur.com/news/2025/09/07/gen-g-against-corruption-from-digital-to-street-29-55.html,2025-09-07 17:30:00,Nepali,Nepal,भ्रष्टाचारविरुद्ध जेन – जी : डिजिटलदेखि सडकसम्म
