day,posts_3d,event_posts_3d,social_media_ban,grievance,gen_z,mobilization,government,explicit_event_details,exact_date_mentions,exact_place_mentions,call_to_action_mentions,narrative_convergence,education_noise_posts,unique_sources,engagement_sum,topic_growth_ratio,social_component,grievance_component,mobilization_component,specificity_component,diversity_component,growth_component,engagement_component,noise_penalty,narrative_pressure_score,narrative_pressure_probability,event_readiness_score,event_probability,top_sources,top_terms
2025-07-01,38,38,7,23,13,33,12,0,5,1,2,3,3,31,12424,102.3333,0.0,0.0,0.0,0.0,0.0,0.0,0.0,0.95,0.0,0.05,0.0,0.05,Facebook search: Kathmandu प्रधानमन्त्री:3; Facebook search: Kathmandu احتجاج:3; Facebook search: नेपाली युवा:2; Facebook search: Kathmandu youth:2; Facebook search: Nepal احتجاج:2,mobilization:33; नेपाल:24; Gen Z:13; government:12; corruption:11; social media ban:7
2025-07-02,68,68,15,34,22,60,23,1,11,2,4,6,3,47,14263,178.3333,0.0,0.0,0.0,0.0,0.0,0.0,0.0,0.53,0.0,0.05,0.0,0.05,Facebook search: Kathmandu प्रधानमन्त्री:4; Facebook search: नेपाली विद्यार्थी:4; Facebook search: Kathmandu احتجاج:3; Facebook search: نیپال نوجوان:3; Facebook search: नेपाली प्रधानमन्त्री:3,mobilization:60; नेपाल:45; government:23; Gen Z:22; social media ban:15; corruption:13
2025-07-03,108,108,19,57,36,99,35,1,19,4,4,11,5,69,19716,283.6667,0.0,0.0,0.0,0.0,0.0,0.0,0.0,0.56,0.0,0.05,0.0,0.05,Facebook search: नेपाली युवा:7; Facebook search: नेपाली भ्रष्टाचार:5; Facebook search: नेपाली विद्यार्थी:5; Facebook search: Kathmandu प्रधानमन्त्री:4; Facebook search: नेपाल प्रधानमन्त्री:4,mobilization:99; नेपाल:76; Gen Z:36; government:35; corruption:22; social media ban:19
2025-07-04,117,117,17,55,36,109,45,0,22,4,3,12,5,74,25481,13.369,0.0,0.0,0.0,0.0,0.0,0.0,0.0,0.51,0.0,0.05,0.0,0.05,Facebook search: नेपाली युवा:6; Facebook search: नेपाली प्रधानमन्त्री:5; Facebook search: नेपाली विद्यार्थी:5; Facebook search: नेपाली भ्रष्टाचार:5; Facebook search: नेपाल प्रधानमन्त्री:5,mobilization:109; नेपाल:87; government:45; Gen Z:36; प्रधानमन्त्री:23; corruption:19
2025-07-05,132,132,17,70,44,126,52,0,21,4,1,16,7,70,38806,9.1538,0.0,0.0,0.0,0.0,0.0,0.0,0.0,0.64,0.0,0.05,0.0,0.05,Facebook search: नेपाल प्रधानमन्त्री:7; Facebook search: नेपाली युवा:6; Facebook search: नेपाली भ्रष्टाचार:5; Facebook search: नेपाल भ्रष्टाचार:5; Facebook search: नेपाल केपी शर्मा ओली:5,mobilization:126; नेपाल:103; government:52; Gen Z:43; corruption:30; प्रधानमन्त्री:28
2025-07-06,131,131,19,71,53,122,53,0,21,2,2,14,9,69,57615,5.7765,0.0,0.0,0.0,0.0,0.0,0.0,0.0,0.82,0.0,0.05,0.0,0.05,Facebook search: नेपाली प्रधानमन्त्री:6; Facebook search: नेपाल प्रधानमन्त्री:6; Facebook search: नेपाल युवा:5; Facebook search: नेपाल विद्यार्थी:5; Facebook search: नेपाल भ्रष्टाचार:4,mobilization:122; नेपाल:105; government:53; Gen Z:51; प्रधानमन्त्री:30; corruption:23
2025-07-07,125,125,24,73,56,118,40,0,26,1,2,22,8,74,59671,3.9244,0.0,0.0,0.0,0.0,0.0,0.0,0.0,0.77,0.0,0.05,0.0,0.05,Facebook search: नेपाल विद्यार्थी:5; Facebook search: नेपाली छात्र:4; Facebook search: नेपाल प्रधानमन्त्री:4; Facebook search: नेपाल युवा:4; Facebook search: नेपाली corruption:4,mobilization:118; नेपाल:101; Gen Z:54; government:40; social media ban:24; युवा:23
2025-07-08,115,115,22,66,55,102,37,1,26,1,4,19,6,70,62689,2.6456,0.0,0.0,0.0,0.0,0.0,0.0,0.0,0.63,0.0,0.05,0.0,0.05,Facebook search: नेपाली विद्यार्थी:6; Facebook search: नेपाल विद्यार्थी:5; Facebook search: नेपाल आन्दोलन:4; Facebook search: नेपाली प्रधानमन्त्री:3; Facebook search: नेपाल प्रधानमन्त्री:3,mobilization:102; नेपाल:90; Gen Z:53; government:37; युवा:24; social media ban:22
2025-07-09,111,111,22,65,50,97,35,1,21,3,4,23,5,68,53723,2.1492,0.0,0.0,0.0,0.0,0.0,0.0,0.0,0.54,0.0,0.05,0.0,0.05,Facebook search: नेपाली विद्यार्थी:5; Facebook search: नेपाली युवा:4; Facebook search: नेपाल parliament:4; Facebook search: नेपाली राजीनामा:4; Facebook search: Kathmandu aandolan:3,mobilization:97; नेपाल:83; Gen Z:49; government:35; युवा:26; social media ban:22
2025-07-10,99,99,16,55,46,84,38,0,13,5,4,14,4,59,41916,1.6211,0.0,0.0,0.0,0.0,0.0,0.0,0.0,0.48,0.0,0.05,0.0,0.05,Facebook search: नेपाली युवा:6; Facebook search: नेपाली विद्यार्थी:5; Facebook search: नेपाल प्रधानमन्त्री:4; Facebook search: नेपाली students:4; Facebook search: नेपाली andolan:4,mobilization:84; नेपाल:72; Gen Z:44; government:38; युवा:23; प्रधानमन्त्री:17
2025-07-11,117,117,18,66,50,107,40,0,11,5,3,15,7,68,36732,1.7348,0.0,0.0,0.0,0.0,0.0,0.0,0.0,0.72,0.0,0.05,0.0,0.05,Facebook search: नेपाली युवा:6; Facebook search: नेपाल विद्यार्थी:6; Facebook search: नेपाल राजीनामा:5; Facebook search: नेपाली andolan:4; Facebook search: नेपाल प्रधानमन्त्री:4,mobilization:107; नेपाल:88; Gen Z:49; government:40; युवा:20; corruption:18
2025-07-12,123,123,28,66,51,114,35,0,12,5,2,16,5,69,27555,1.6524,0.0,0.0,0.0,0.0,0.0,0.0,0.0,0.49,0.0,0.05,0.0,0.05,Facebook search: नेपाल दर्ता:7; Facebook search: नेपाल विद्यार्थी:6; Facebook search: नेपाल राजीनामा:5; Facebook search: नेपाली युवा:4; Facebook search: नेपाली प्रधानमन्त्री:4,mobilization:113; नेपाल:88; Gen Z:47; government:35; social media ban:28; विद्यार्थी:18
2025-07-13,125,125,34,69,52,116,32,0,10,4,1,18,6,69,31896,1.5797,0.0,0.0,0.0,0.0,0.0,0.0,0.0,0.58,0.0,0.05,0.0,0.05,Facebook search: नेपाल दर्ता:11; Facebook search: नेपाली प्रधानमन्त्री:6; Facebook search: नेपाल राजीनामा:5; Facebook search: नेपाल विद्यार्थी:5; Facebook search: Kathmandu विद्यार्थी:4,mobilization:115; नेपाल:94; Gen Z:49; social media ban:34; government:32; विद्यार्थी:23
2025-07-14,127,127,37,71,58,117,31,0,15,5,1,26,12,69,32005,1.4221,0.0,0.0,0.0,0.0,0.0,0.0,0.0,1.13,0.0,0.05,0.0,0.05,Facebook search: नेपाल दर्ता:11; Facebook search: नेपाली इस्तीफा:7; Facebook search: Maitighar:4; Facebook search: नेपाल युवा:4; Facebook search: नेपाली प्रधानमन्त्री:4,mobilization:116; नेपाल:96; Gen Z:53; social media ban:37; government:31; विद्यार्थी:28
2025-07-15,123,123,29,66,52,114,43,0,13,3,1,22,11,70,43834,1.2655,0.0,0.0,0.0,0.0,0.0,0.0,0.0,1.07,0.0,0.05,0.0,0.05,Facebook search: नेपाली इस्तीफा:11; Facebook search: नेपाल दर्ता:6; Facebook search: नेपाली students:6; Facebook search: नेपाली प्रधानमन्त्री:5; Facebook search: नेपाल भ्रष्टाचार:4,mobilization:114; नेपाल:102; Gen Z:50; government:43; विद्यार्थी:29; social media ban:29
2025-07-16,157,157,30,84,65,141,62,0,24,4,3,33,12,85,47280,1.4938,0.0,0.0,0.0,0.0,0.0,0.0,0.0,0.92,0.0,0.05,0.0,0.05,Facebook search: नेपाली इस्तीफा:8; Facebook search: नेपाली students:6; Facebook search: नेपाल विद्यार्थी:5; Facebook search: नेपाली भ्रष्टाचार:5; Facebook search: नेपाली विद्यार्थी:5,mobilization:141; नेपाल:117; Gen Z:62; government:62; social media ban:30; विद्यार्थी:28
2025-07-17,138,138,32,68,47,122,59,0,20,2,2,28,3,77,39951,1.1817,3.23,2.72,1.0,19.6,0.0,0.73,0.03,0.26,27.04,0.2934,27.04,0.2934,Facebook search: नेपाली भ्रष्टाचार:6; Facebook search: नेपाली विद्यार्थी:5; Facebook search: Oli government:5; Facebook search: Kathmandu युवा:5; Facebook search: नेपाली इस्तीफा:4,mobilization:122; नेपाल:100; government:59; Gen Z:46; social media ban:32; प्रधानमन्त्री:27
2025-07-18,153,153,34,76,53,137,64,0,30,3,2,35,6,83,33576,1.2981,3.86,3.94,2.2,24.0,0.0,1.19,0.0,0.47,34.73,0.3626,34.73,0.3626,Facebook search: नेपाली युवा:7; Facebook search: नेपाली भ्रष्टाचार:6; Facebook search: नेपाल प्रधानमन्त्री:6; Facebook search: Oli government:5; Facebook search: नेपाली ओली सरकार:5,mobilization:136; नेपाल:110; government:64; Gen Z:50; social media ban:34; प्रधानमन्त्री:31
2025-07-19,130,130,35,62,44,119,54,0,22,1,0,25,14,68,38638,1.0559,3.89,1.39,0.24,17.5,0.0,0.22,0.0,1.29,21.94,0.2475,21.94,0.2475,Facebook search: नेपाली युवा:9; Facebook search: नेपाली भ्रष्टाचार:6; Facebook search: नेपाल प्रधानमन्त्री:5; Facebook search: नेपाली ओली सरकार:5; Facebook search: नेपाल छात्र:5,mobilization:117; नेपाल:100; government:54; Gen Z:41; social media ban:35; युवा:23
2025-07-20,138,138,27,72,59,125,57,0,27,1,2,26,20,67,45025,1.1099,0.29,2.71,0.81,18.2,0.0,0.44,0.07,1.74,20.77,0.2369,20.77,0.2369,Facebook search: नेपाल युवा:10; Facebook search: नेपाली युवा:8; Facebook search: नेपाली राजीनामा:8; Facebook search: नेपाल विद्यार्थी:7; Facebook search: नेपाली ओली सरकार:5,mobilization:123; नेपाल:108; government:57; Gen Z:55; social media ban:27; युवा:27
2025-07-21,121,121,32,65,55,109,38,0,22,1,4,28,18,62,41246,0.9642,1.54,1.1,0.0,19.6,0.0,0.0,0.0,1.79,20.45,0.234,20.45,0.234,Facebook search: नेपाली राजीनामा:8; Facebook search: नेपाली युवा:6; Facebook search: नेपाल विद्यार्थी:6; Facebook search: नेपाल युवा:6; Facebook search: नेपाली प्रधानमन्त्री:5,mobilization:107; नेपाल:88; Gen Z:52; government:38; social media ban:32; विद्यार्थी:23
2025-07-22,124,124,36,63,53,107,40,0,22,3,6,30,10,73,25212,0.9744,2.48,1.13,0.0,21.0,0.0,0.0,0.0,0.97,23.64,0.2628,23.64,0.2628,Facebook search: नेपाली प्रधानमन्त्री:9; Facebook search: नेपाली राजीनामा:6; Facebook search: नेपाली विद्यार्थी:6; Facebook search: नेपाल विद्यार्थी:5; Facebook search: नेपाल युवा:5,mobilization:106; नेपाल:83; Gen Z:51; government:40; social media ban:36; विद्यार्थी:26
2025-07-23,118,118,42,55,43,105,34,0,23,3,4,28,8,74,16061,0.9243,4.45,0.02,0.0,19.6,0.0,0.0,0.0,0.81,23.26,0.2593,23.26,0.2593,Facebook search: नेपाली विद्यार्थी:7; Facebook search: नेपाली प्रधानमन्त्री:7; Facebook search: नेपाल दर्ता:6; Facebook search: नेपाल प्रधानमन्त्री:4; Facebook search: Nepal विद्यार्थी:3,mobilization:104; नेपाल:77; Gen Z:42; social media ban:42; government:34; विद्यार्थी:22
2025-07-24,124,124,39,56,44,110,46,0,22,2,3,23,8,82,16675,0.9882,3.05,0.71,0.0,16.1,0.0,0.0,0.0,0.77,19.09,0.2218,19.09,0.2218,Facebook search: नेपाली प्रधानमन्त्री:6; Facebook search: नेपाली विद्यार्थी:5; Facebook search: नेपाल प्रधानमन्त्री:4; Facebook search: नेपाल दर्ता:4; Facebook search: नेपाल अभिव्यक्ति स्वतन्त्रता:4,mobilization:110; नेपाल:79; government:46; Gen Z:44; social media ban:39; प्रधानमन्त्री:18
2025-07-25,133,133,38,64,49,127,43,0,19,2,1,20,8,78,23156,1.05,1.96,1.43,0.89,14.0,0.0,0.2,0.0,0.72,17.76,0.2098,17.76,0.2098,Facebook search: नेपाल दर्ता:4; Facebook search: नेपाल अभिव्यक्ति स्वतन्त्रता:4; Facebook search: नेपाल विद्यार्थी:4; Facebook search: नेपाली प्रधानमन्त्री:4; Facebook search: नेपाल केपी शर्मा ओली:4,mobilization:127; नेपाल:94; Gen Z:49; government:43; social media ban:38; युवा:26
2025-07-26,143,143,40,70,54,135,49,0,15,2,2,20,8,80,29865,1.1276,2.15,2.44,1.38,14.0,0.0,0.51,0.0,0.67,19.81,0.2283,19.81,0.2283,Facebook search: नेपाल विद्यार्थी:6; Facebook search: नेपाली राजीनामा:5; Facebook search: Nepal احتجاج:5; Facebook search: नेपाल युवा:5; Facebook search: नेपाल दर्ता:5,mobilization:135; नेपाल:98; Gen Z:53; government:49; social media ban:40; युवा:33
2025-07-27,154,154,37,80,62,144,50,0,15,4,1,23,7,83,42209,1.1534,0.82,3.3,1.83,16.1,0.0,0.61,0.73,0.55,22.85,0.2556,22.85,0.2556,Facebook search: नेपाली युवा:7; Facebook search: नेपाल दर्ता:6; Facebook search: नेपाली राजीनामा:5; Facebook search: Nepal احتجاج:5; Facebook search: नेपाल विद्यार्थी:5,mobilization:144; नेपाल:109; Gen Z:61; government:50; युवा:43; social media ban:40
2025-07-28,148,148,38,81,63,134,45,0,13,2,5,24,5,82,43671,1.1059,0.66,3.33,1.06,16.8,0.0,0.42,0.88,0.41,22.75,0.2548,22.75,0.2548,Facebook search: नेपाल राजीनामा:6; Facebook search: نیپال احتجاج:5; Facebook search: नेपाली युवा:5; Facebook search: नेपाल दर्ता:5; Facebook search: नेपाल विद्यार्थी:5,mobilization:134; नेपाल:104; Gen Z:62; government:45; युवा:42; social media ban:42
2025-07-29,116,116,37,62,48,101,31,0,8,2,5,19,7,73,38565,0.8482,0.58,0.76,0.0,13.3,0.0,0.0,0.39,0.72,14.31,0.1788,14.31,0.1788,Facebook search: नेपाल राजीनामा:6; Facebook search: Kathmandu احتجاج:5; Facebook search: नेपाली युवा:4; Facebook search: नेपाली सामाजिक सञ्जाल प्रतिबन्ध:4; Facebook search: Kathmandu प्रदर्शन:3,mobilization:101; नेपाल:79; Gen Z:47; social media ban:41; युवा:34; government:31
2025-07-30,72,72,34,34,24,59,17,0,3,0,5,8,7,46,22310,0.5143,0.0,0.0,0.0,5.6,0.0,0.0,0.0,1.17,4.43,0.0899,4.43,0.0899,Facebook search: नेपाली सामाजिक सञ्जाल प्रतिबन्ध:4; Facebook search: नेपाल राजीनामा:3; Facebook search: नेपाल सामाजिक संजाल बन्द:3; Facebook search: नेपाल सूचीकरण:3; Facebook search: Kathmandu احتجاج:3,mobilization:59; नेपाल:48; social media ban:37; Gen Z:23; government:17; युवा:15
2025-07-31,41,41,30,12,4,30,8,0,3,0,3,2,6,27,10737,0.2933,0.0,0.0,0.0,1.4,0.0,0.0,0.0,1.76,0.0,0.05,0.0,0.05,Facebook search: Kathmandu सूचीकरण:3; Facebook search: Nepal सूचीकरण:3; Facebook search: Nepal platform ban:3; Facebook search: नेपाल भ्रष्टाचार:3; Facebook search: नेपाल सूचीकरण:2,social media ban:32; mobilization:30; नेपाल:24; corruption:12; government:8; सूचीकरण:7
2025-08-01,39,39,24,15,2,30,8,0,4,0,3,2,0,24,8621,0.2971,0.0,0.0,0.0,1.4,0.0,0.0,0.0,0.0,1.4,0.0626,1.4,0.0626,Facebook search: नेपाली भ्रष्टाचार:4; Facebook search: नेपाल दर्ता:4; Facebook search: Nepal platform ban:3; Facebook search: नेपाल भ्रष्टाचार:3; Facebook search: Kathmandu anti corruption:3,mobilization:30; social media ban:26; नेपाल:26; corruption:19; भ्रष्टाचार:9; government:8
2025-08-02,45,45,25,20,5,38,6,0,5,0,3,4,1,25,4955,0.3793,0.0,0.0,0.0,2.8,0.0,0.0,0.0,0.27,2.53,0.0728,2.53,0.0728,Facebook search: नेपाली भ्रष्टाचार:6; Facebook search: नेपाल दर्ता:4; Facebook search: Kathmandu احتجاج:4; Facebook search: नेपाल भ्रष्टाचार:3; Facebook search: Kathmandu anti corruption:3,mobilization:38; नेपाल:32; social media ban:25; corruption:20; भ्रष्टाचार:10; government:6
2025-08-03,45,45,22,25,10,39,7,0,4,0,2,9,1,26,3649,0.4139,0.0,0.0,0.0,6.3,0.0,0.0,0.0,0.27,6.03,0.1043,6.03,0.1043,Facebook search: नेपाली भ्रष्टाचार:6; Facebook search: Kathmandu احتجاج:4; Facebook search: नेपाल सामाजिक सञ्जाल प्रतिबन्ध:3; Facebook search: नेपाली नातावाद:3; Facebook search: Nepal registration rules:3,mobilization:38; नेपाल:32; social media ban:22; corruption:20; Gen Z:11; government:7
2025-08-04,57,57,32,28,11,45,11,0,4,0,4,12,1,32,2236,0.5492,0.0,0.0,0.0,8.4,0.0,0.0,0.0,0.21,8.19,0.1237,8.19,0.1237,Facebook search: Kathmandu احتجاج:6; Facebook search: नेपाली नातावाद:4; Facebook search: नेपाली भ्रष्टाचार:3; Facebook search: नेपाल सामाजिक संजाल बन्द:3; Facebook search: Nepal registration rules:3,mobilization:44; नेपाल:36; social media ban:32; corruption:23; Gen Z:12; government:11
2025-08-05,43,43,25,21,8,32,10,0,2,0,4,10,0,28,1405,0.4442,0.0,0.0,0.0,7.0,0.0,0.0,0.0,0.0,7.0,0.113,7.0,0.113,Facebook search: नेपाली नातावाद:3; Facebook search: Kathmandu احتجاج:3; Facebook search: Nepal platform ban:3; Facebook search: Nepal registration rules:2; Facebook search: Nepal नातावाद:2,mobilization:31; नेपाल:26; social media ban:25; corruption:18; government:10; Gen Z:9
2025-08-06,26,26,16,11,2,18,6,0,2,0,3,5,0,18,1088,0.2657,0.0,0.0,0.0,3.5,0.0,0.0,0.0,0.0,3.5,0.0815,3.5,0.0815,Facebook search: Kathmandu احتجاج:3; Facebook search: Nepal platform ban:3; Facebook search: نیپال सामाजिक सञ्जाल प्रतिबन्ध:2; Facebook search: नेपाल corruption:2; Facebook search: नेपाल दर्ता:2,mobilization:18; social media ban:16; नेपाल:14; corruption:12; government:6; भ्रष्टाचार:4
2025-08-07,0,0,0,0,0,0,0,0,0,0,0,0,0,0,0,0.0039,0.0,0.0,0.0,0.0,0.0,0.0,0.0,0.0,0.0,0.05,0.0,0.05,,
2025-08-08,0,0,0,0,0,0,0,0,0,0,0,0,0,0,0,0.0043,0.0,0.0,0.0,0.0,0.0,0.0,0.0,0.0,0.0,0.05,0.0,0.05,,
2025-08-09,0,0,0,0,0,0,0,0,0,0,0,0,0,0,0,0.0047,0.0,0.0,0.0,0.0,0.0,0.0,0.0,0.0,0.0,0.05,0.0,0.05,,
2025-08-10,0,0,0,0,0,0,0,0,0,0,0,0,0,0,0,0.0054,0.0,0.0,0.0,0.0,0.0,0.0,0.0,0.0,0.0,0.05,0.0,0.05,,
2025-08-11,1,1,1,0,0,0,1,0,0,0,0,0,0,1,22,0.0239,0.0,0.0,0.0,0.0,0.0,0.0,0.0,0.0,0.0,0.05,0.0,0.05,Facebook search: نیپال سوشل میڈیا:1,government:1; social media ban:1; سوشل میڈیا:1
2025-08-12,31,31,3,20,20,29,10,0,4,0,0,3,2,21,2715,0.6678,0.0,0.45,0.0,2.1,0.0,0.0,0.0,0.77,1.78,0.066,1.78,0.066,Facebook search: नेपाली युवा:5; Facebook search: Kathmandu युवा:3; Facebook search: नेपाल युवा:3; Facebook search: नेपाल विद्यार्थी:2; Facebook search: Nepal युवा:2,mobilization:29; नेपाल:23; Gen Z:20; युवा:14; government:10; विद्यार्थी:6
2025-08-13,57,57,6,30,30,55,26,0,6,4,1,6,2,35,21243,1.6428,0.0,10.12,8.67,4.2,0.0,2.57,6.55,0.42,31.7,0.3353,31.7,0.3353,Facebook search: नेपाली युवा:5; Facebook search: नेपाल युवा:4; Facebook search: Kathmandu युवा:3; Facebook search: नेपाल विद्यार्थी:3; Facebook search: नेपाली प्रधानमन्त्री:3,mobilization:55; नेपाल:42; Gen Z:29; government:26; युवा:17; विद्यार्थी:11
2025-08-14,72,72,7,42,42,70,29,0,8,5,1,8,3,38,33668,2.9228,0.0,14.0,18.0,5.6,0.0,7.69,8.0,0.5,52.79,0.5251,35.0,0.365,Facebook search: नेपाली युवा:5; Facebook search: नेपाल युवा:5; Facebook search: Kathmandu विद्यार्थी:4; Facebook search: नेपाल विद्यार्थी:4; Facebook search: नेपाली प्रधानमन्त्री:4,mobilization:70; नेपाल:55; Gen Z:41; government:29; युवा:20; विद्यार्थी:18
2025-08-15,72,72,7,39,29,70,37,0,12,6,1,9,2,39,34742,2.7098,0.0,14.0,18.0,6.3,0.0,6.84,8.0,0.33,52.81,0.5253,35.0,0.365,Facebook search: नेपाली विद्यार्थी:4; Facebook search: नेपाल युवा:4; Facebook search: नेपाली प्रधानमन्त्री:4; Facebook search: Nepal युवा:4; Facebook search: Kathmandu विद्यार्थी:4,mobilization:70; नेपाल:52; government:37; Gen Z:28; प्रधानमन्त्री:17; विद्यार्थी:14
2025-08-16,62,62,7,40,28,58,26,0,13,2,0,9,3,33,18449,2.0431,0.0,14.0,10.2,6.3,0.0,4.17,5.65,0.58,39.74,0.4077,35.0,0.365,Facebook search: नेपाली प्रधानमन्त्री:5; Facebook search: نیپال احتجاج:5; Facebook search: नेपाल विद्यार्थी:4; Facebook search: Kathmandu विद्यार्थी:4; Facebook search: Nepal युवा:4,mobilization:58; नेपाल:45; Gen Z:28; government:26; विद्यार्थी:15; प्रधानमन्त्री:13
2025-08-17,88,88,7,50,37,85,42,0,15,1,1,9,3,41,21221,2.8869,0.0,14.0,18.0,6.3,0.0,7.55,4.21,0.41,49.64,0.4968,35.0,0.365,Facebook search: نیپال احتجاج:6; Facebook search: नेपाल विद्यार्थी:6; Facebook search: नेपाली विद्यार्थी:5; Facebook search: नेपाली प्रधानमन्त्री:5; Facebook search: नेपाली जुलुस:5,mobilization:85; नेपाल:71; government:42; Gen Z:37; प्रधानमन्त्री:23; युवा:21
2025-08-18,92,92,9,44,40,87,40,0,16,0,2,6,3,40,32224,2.5047,0.0,14.0,15.99,4.2,0.0,6.02,7.44,0.39,47.25,0.4752,35.0,0.365,Facebook search: नेपाल विद्यार्थी:7; Facebook search: नेपाली प्रधानमन्त्री:5; Facebook search: नेपाली युवा:5; Facebook search: नेपाली विद्यार्थी:5; Facebook search: नेपाली जुलुस:5,mobilization:87; नेपाल:70; government:40; Gen Z:40; प्रधानमन्त्री:26; विद्यार्थी:22
2025-08-19,152,152,32,72,58,140,56,0,24,2,2,14,6,82,45862,4.0892,18.0,14.0,18.0,9.8,0.8,10.0,8.0,0.47,78.13,0.7532,35.0,0.365,Facebook search: नेपाली विद्यार्थी:6; Facebook search: नेपाल ओली सरकार:6; Facebook search: नेपाली छात्र:6; Facebook search: नेपाली anti corruption:6; Facebook search: नेपाली जुलुस:5,mobilization:140; नेपाल:114; Gen Z:58; government:56; social media ban:32; प्रधानमन्त्री:30
2025-08-20,167,167,46,86,68,149,52,0,28,3,1,22,12,90,50715,4.0038,18.0,14.0,18.0,15.4,3.47,10.0,8.0,0.86,86.0,0.824,35.0,0.365,Facebook search: नेपाली छात्र:12; Facebook search: नेपाल ओली सरकार:8; Facebook search: नेपाली anti corruption:6; Facebook search: Nepal censorship:4; Facebook search: Nepal प्रधानमन्त्री:3,mobilization:148; नेपाल:119; Gen Z:67; government:52; social media ban:46; विद्यार्थी:28
2025-08-21,190,190,54,108,88,172,55,0,30,4,1,35,15,99,57842,4.5766,18.0,14.0,18.0,24.0,8.0,10.0,7.66,0.95,98.72,0.9385,35.0,0.365,Facebook search: नेपाली छात्र:13; Facebook search: नेपाली anti corruption:6; Facebook search: नेपाल सामाजिक संजाल बन्द:4; Facebook search: Nepal दर्ता:4; Facebook search: नेपाली दर्ता:4,mobilization:171; नेपाल:143; Gen Z:87; government:55; social media ban:54; युवा:32
2025-08-22,182,182,39,116,103,173,53,0,25,2,1,32,13,96,56894,3.2322,18.0,14.0,18.0,22.4,0.0,8.93,5.61,0.86,86.08,0.8247,35.0,0.365,Facebook search: नेपाली छात्र:7; Facebook search: नेपाली राजीनामा:6; Facebook search: नेपाल विद्यार्थी:5; Facebook search: नेपाली युवा:5; Facebook search: नेपाल youth:4,mobilization:172; नेपाल:147; Gen Z:101; government:53; युवा:43; social media ban:39
2025-08-23,173,173,31,112,100,165,56,0,25,1,1,31,8,93,48885,2.5368,11.67,14.0,13.64,21.7,0.0,6.15,3.09,0.55,69.7,0.6773,35.0,0.365,Facebook search: नेपाली राजीनामा:8; Facebook search: Nepal विद्यार्थी:6; Facebook search: Kathmandu राजीनामा:5; Facebook search: नेपाली युवा:5; Facebook search: नेपाली प्रदर्शन:4,mobilization:165; नेपाल:132; Gen Z:99; government:56; युवा:45; विद्यार्थी:34
2025-08-24,157,157,26,98,83,150,53,0,20,1,0,22,5,83,41740,1.9486,5.69,11.27,8.51,15.4,0.0,3.79,1.41,0.38,45.69,0.4612,35.0,0.365,Facebook search: नेपाली राजीनामा:8; Facebook search: नेपाली युवा:6; Facebook search: नेपाल youth:5; Facebook search: नेपाल विद्यार्थी:5; Facebook search: नेपाली भ्रष्टाचार:4,mobilization:150; नेपाल:125; Gen Z:82; government:53; युवा:37; विद्यार्थी:29
2025-08-25,134,134,27,72,59,127,44,0,20,1,0,17,8,77,53711,1.3647,4.32,4.29,3.49,11.9,0.0,1.46,2.03,0.72,26.77,0.2909,26.77,0.2909,Facebook search: नेपाली दर्ता:5; Facebook search: नेपाल prime minister:4; Facebook search: Kathmandu विद्यार्थी:4; Facebook search: Kathmandu युवा:4; Facebook search: नेपाली प्रधानमन्त्री:4,mobilization:127; नेपाल:99; Gen Z:58; government:44; social media ban:27; युवा:24
2025-08-26,131,131,31,58,42,128,41,0,18,2,0,15,9,69,64050,1.1706,4.96,1.36,2.44,10.5,0.0,0.68,2.49,0.82,21.62,0.2446,21.62,0.2446,Facebook search: नेपाली दर्ता:8; Facebook search: नेपाली विद्यार्थी:6; Facebook search: नेपाल prime minister:4; Facebook search: नेपाली युवा:4; Facebook search: नेपाली students:4,mobilization:127; नेपाल:107; government:41; Gen Z:41; social media ban:31; corruption:22
2025-08-27,156,156,57,59,46,151,38,0,22,2,1,17,14,83,71299,1.276,14.66,0.83,3.46,11.9,0.0,1.1,2.58,1.08,33.46,0.3511,33.46,0.3511,Facebook search: नेपाली दर्ता:9; Facebook search: नेपाल दर्ता:6; Facebook search: नेपाली विद्यार्थी:5; Facebook search: Nepal दर्ता:5; Facebook search: Kathmandu युवा:5,mobilization:150; नेपाल:126; social media ban:57; Gen Z:45; government:38; दर्ता:26
2025-08-28,185,185,87,58,41,174,47,0,21,2,3,26,11,93,58591,1.4281,18.0,0.6,4.19,18.2,0.0,1.71,1.05,0.71,43.03,0.4373,35.0,0.365,Facebook search: नेपाली दर्ता:7; Facebook search: Nepal सामाजिक संजाल बन्द:6; Facebook search: Kathmandu सामाजिक संजाल बन्द:6; Facebook search: Nepal andolan:5; Facebook search: नेपाल youth:5,mobilization:173; नेपाल:147; social media ban:87; government:47; Gen Z:41; दर्ता:27
2025-08-29,201,201,98,71,52,181,49,0,22,2,6,31,12,104,57450,1.5164,18.0,2.0,4.36,21.7,0.0,2.07,0.65,0.72,48.05,0.4824,35.0,0.365,Facebook search: नेपाल दर्ता:7; Facebook search: Nepal सामाजिक संजाल बन्द:6; Facebook search: Kathmandu सामाजिक संजाल बन्द:6; Facebook search: नेपाल सूचीकरण:5; Facebook search: Nepal andolan:5,mobilization:181; नेपाल:155; social media ban:98; Gen Z:51; government:49; दर्ता:34
2025-08-30,205,205,94,76,58,187,57,0,15,3,6,29,7,107,56180,1.4855,16.93,2.52,3.98,20.3,0.0,1.94,0.52,0.41,45.78,0.462,35.0,0.365,Facebook search: नेपाल VPN:9; Facebook search: Kathmandu सामाजिक संजाल बन्द:7; Facebook search: नेपाली विद्यार्थी:6; Facebook search: नेपाल सामाजिक संजाल बन्द:5; Facebook search: नेपाल प्रधानमन्त्री:4,mobilization:187; नेपाल:161; social media ban:94; government:57; Gen Z:57; दर्ता:27
2025-08-31,180,180,66,77,61,165,62,0,15,3,4,24,7,98,73052,1.2167,5.49,2.59,1.54,16.8,0.0,0.87,1.45,0.47,28.26,0.3043,28.26,0.3043,Facebook search: नेपाल VPN:9; Facebook search: नेपाली विद्यार्थी:6; Facebook search: नेपाली केपी शर्मा ओली:6; Facebook search: नेपाली facebook ban:5; Facebook search: नेपाल सामाजिक संजाल बन्द:5,mobilization:165; नेपाल:146; social media ban:66; government:62; Gen Z:60; प्रधानमन्त्री:29
2025-09-01,156,156,50,66,57,147,56,0,15,4,3,19,7,81,75448,1.013,0.94,1.01,0.09,13.3,0.0,0.05,1.27,0.54,16.12,0.1951,16.12,0.1951,Facebook search: नेपाल VPN:9; Facebook search: नेपाल विद्यार्थी:7; Facebook search: नेपाली केपी शर्मा ओली:6; Facebook search: नेपाली प्रधानमन्त्री:4; Facebook search: नेपाली विद्यार्थी:4,mobilization:147; नेपाल:125; Gen Z:57; government:56; social media ban:50; प्रधानमन्त्री:33
2025-09-02,116,116,30,57,49,103,49,0,15,3,2,20,9,69,86527,0.7078,0.0,0.0,0.0,14.0,0.0,0.0,1.52,0.93,14.59,0.1813,14.59,0.1813,Facebook search: नेपाली केपी शर्मा ओली:6; Facebook search: नेपाल युवा:6; Facebook search: नेपाल विद्यार्थी:5; Facebook search: नेपाली प्रधानमन्त्री:4; Facebook search: नेपाल प्रधानमन्त्री:4,mobilization:103; नेपाल:86; government:49; Gen Z:49; social media ban:30; प्रधानमन्त्री:28
2025-09-03,101,101,23,53,50,90,38,0,13,5,3,16,9,58,72080,0.5986,0.0,0.0,0.0,11.2,0.0,0.0,0.62,1.07,10.75,0.1467,10.75,0.1467,Facebook search: नेपाली प्रधानमन्त्री:6; Facebook search: नेपाल विद्यार्थी:5; Facebook search: नेपाल युवा:5; Facebook search: नेपाली छात्र:5; Facebook search: नेपाल प्रधानमन्त्री:4,mobilization:90; नेपाल:77; Gen Z:50; government:38; प्रधानमन्त्री:25; social media ban:23
2025-09-04,200,200,132,53,50,173,52,0,23,4,2,29,6,87,128268,1.177,12.82,0.0,0.83,20.3,0.0,0.71,3.0,0.36,37.3,0.3857,35.0,0.365,Facebook search: नेपाल सामाजिक संजाल बन्द:12; Facebook search: नेपाली सूचीकरण:8; Facebook search: नेपाली दर्ता:6; Facebook search: नेपाल सूचीकरण:6; Facebook search: नेपाल दर्ता:6,mobilization:173; नेपाल:166; social media ban:135; government:52; Gen Z:50; दर्ता:44
2025-09-05,261,261,198,48,45,230,64,0,24,5,3,31,7,101,146718,1.6411,18.0,0.0,4.85,21.7,0.0,2.56,3.47,0.32,50.26,0.5023,35.0,0.365,Facebook search: नेपाल सामाजिक संजाल बन्द:17; Facebook search: नेपाली सूचीकरण:11; Facebook search: नेपाली सामाजिक संजाल बन्द:10; Facebook search: नेपाल दर्ता:9; Facebook search: Kathmandu दर्ता:8,mobilization:230; नेपाल:217; social media ban:203; government:64; दर्ता:56; Gen Z:45
2025-09-06,316,316,251,70,57,269,78,1,27,7,3,48,9,128,174297,2.1157,18.0,2.7,7.62,24.0,0.0,4.46,4.7,0.34,61.15,0.6004,61.15,0.6004,Facebook search: नेपाल सामाजिक संजाल बन्द:17; Facebook search: नेपाली सूचीकरण:11; Facebook search: नेपाली सामाजिक संजाल बन्द:10; Facebook search: नेपाल दर्ता:9; Facebook search: Nepal अभिव्यक्ति स्वतन्त्रता:8,mobilization:269; social media ban:257; नेपाल:241; government:78; Gen Z:62; दर्ता:59
2025-09-07,359,359,228,160,124,310,97,9,56,15,4,100,11,160,187724,2.38,18.0,12.72,8.55,24.0,0.0,5.52,3.97,0.37,72.4,0.7016,72.4,0.7016,Facebook search: नेपाली VPN:10; Facebook search: नेपाली प्रधानमन्त्री:7; Facebook search: नेपाली सामाजिक संजाल बन्द:6; Facebook search: नेपाली platform ban:6; Facebook search: नेपाली युवा:6,mobilization:310; social media ban:242; नेपाल:203; Gen Z:168; government:97; corruption:94
